assistive and rehabilitation robotics,
bio-inspired robotics,
multi-robot systems,
robot planning,
robot ethics,
haptics,
robot learning from demonstration,
human-robot social interaction,
human-robot physical interaction,
human-robot teaming and collaboration,
interface design and evaluation,
perception,
manipulation,
medical robotics,
micro/nanorobotics,
cellular/modular robots,
motion planning,
navigation,
control theory and applications,
nonlinear systems and control,
learning for robotics,
robot locomotion,
cognitive robotics,
socially assistive robotics,
soft robotics,
teleoperation and remote presence,
unmanned and autonomous vehicles,
field robotics,
aerial robotics,
underwater robotics,
virtual, augmented, and mixed reality robotics,
wearable robotics,
robotics in the arts,
humanoids

Problem Domains
Fundamental Problems
